text,class
تقرير سياسي يلقي الضوء على الأوضاع في المنطقة العربية.,politics
آخر ابتكارات التكنولوجيا: تقنيات الواقع الافتراضي والذكاء الاصطناعي.,technology
تغطية حصرية لمباريات الدوريات الرياضية الكبرى وأبرز اللحظات الرياضية.,sports
تطورات سياسية حادثة تحدث في البرلمان وتأثيرها على القرارات الوطنية.,politics
مقال عن التقنيات الناشئة وكيفية تأثيرها على مجالات الحياة اليومية.,technology
تقرير رياضي عن البطولات العالمية وتحليل لأداء اللاعبين البارزين.,sports
أزمة دبلوماسية جديدة وردود الفعل الدولية على الأحداث السياسية الحالية.,politics
أخبار عن تقنيات الطاقة المتجددة وجهود الابتكار في مجال الطاقة.,technology
تحليل استراتيجي للتكتيكات المستخدمة في المباريات الرياضية الهامة.,sports
مناقشة في البرلمان حول قضايا اقتصادية وتأثيرها على المواطنين.,politics
نظرة على أحدث التطورات في مجال الذكاء الاصطناعي والتعلم الآلي.,technology
تقرير عن بطولة رياضية دولية وملخص لأبرز اللحظات الرياضية.,sports
حوار حول تأثير التكنولوجيا في مجتمعنا.,technology
أحدث التقنيات في مجال الطب والرعاية الصحية.,health
تقرير سياسي حول التحديات الاقتصادية في العصر الحديث.,politics
تحليل لأهم الابتكارات في مجال الطاقة المتجددة.,technology
تغطية خاصة للأحداث الثقافية والفنية الهامة.,culture
مستقبل التعليم الرقمي وتأثيره على الطلاب.,education
رياضة الإلكترونيات وتقديم تقرير حول البطولات العالمية.,sports
تأثير التغيرات المناخية على الزراعة والبيئة.,environment
تقرير اقتصادي حول تأثير الأزمات العالمية على الأسواق.,economics
أخبار حول أحدث الاكتشافات العلمية في مجالات متنوعة.,science
تقرير عن تقنيات الذكاء الاصطناعي وتطبيقاتها الحديثة.,technology
تغطية حية لأحداث العالم الرياضي ونتائج المباريات الحالية.,sports
نقاش حول التحديات الاجتماعية في المجتمع الرقمي.,society
تحليل سياسي للأوضاع الراهنة وتأثيرها على الشؤون الدولية.,politics
مستقبل الابتكار في مجال الطاقة النظيفة والاستدامة.,environment
أحدث اكتشافات العلوم الطبيعية وتأثيرها على الطب والصحة.,science
تقرير حول تطورات الفضاء واستكشاف الكواكب والمجرات.,space
نظرة فنية على الفنون التشكيلية وأعمال الفنانين المعاصرين.,art
تقنيات التشفير وأمان المعلومات في العصر الرقمي.,technology
تحليل اقتصادي حول تأثير التكنولوجيا على القطاع الاقتصادي.,economics
أحدث التطورات في علم الطب والابتكار الطبي.,science
تقرير عن أحداث السياسة الدولية وتداولات القادة العالميين.,politics
تكنولوجيا الواقع الافتراضي وتأثيرها على تجارب المستخدم.,technology
تحليل رياضي لأداء الفرق في البطولات الرياضية الحالية.,sports
أزمات بيئية وجهود الحفاظ على البيئة في العصر الحديث.,environment
تطورات في مجال الطاقة الشمسية والاستدامة الطاقوية.,technology
المشهد الثقافي والفني في المجتمعات الحضرية الحديثة.,art
ندوات حول التنمية الاقتصادية والاستثمار الدولي.,economics
تقرير عن أحدث ابتكارات الروبوتات والذكاء الاصطناعي.,technology
أحوال الطقس الحالية وتأثيرها على المزارع والاقتصاد.,environment
مستجدات في مجال الطب الحديث والعلاجات الطبية الابتكارية.,science
تقرير عن الأوضاع الاقتصادية وتحديات التنمية في الدول المتقدمة.,economics
تكنولوجيا الذكاء الاصطناعي وتأثيرها على مجالات الأعمال.,technology
تحليل رياضي لأداء الفرق في دوريات كرة القدم الشهيرة.,sports
حماية البيئة وجهود الحفاظ على التنوع البيولوجي.,environment
ابتكارات في مجال الطاقة النظيفة والاستدامة البيئية.,technology
الفنون والثقافة في المجتمعات المعاصرة والتأثير الاجتماعي.,art
نقاش حول التحولات السياسية وتأثيرها على الأوضاع الإقليمية.,politics
تقنيات التشفير والأمان في عصر الاتصالات الرقمية.,technology
أحوال الطقس والتغيرات المناخية في العصر الحديث.,environment